{"cameraMode":{"drawMode":0,"name":"Shaded","section":"Shading Mode"},"sceneLighting":false,"audioPlay":false,"sceneViewState":{"m_AlwaysRefresh":false,"showFog":true,"showSkybox":false,"showFlares":true,"showImageEffects":true,"showParticleSystems":true,"showVisualEffectGraphs":true,"m_FxEnabled":true},"in2DMode":false,"pivot":{"x":-0.12166815996170044,"y":-0.1335386335849762,"z":0.016886994242668153},"rotation":{"x":-0.01439736969769001,"y":-0.017694056034088136,"z":-0.00025440650642849505,"w":0.999744176864624},"size":5.628252029418945,"orthographic":true}