{"cameraMode":{"drawMode":0,"name":"Shaded","section":"Shading Mode"},"sceneLighting":false,"audioPlay":false,"sceneViewState":{"m_AlwaysRefresh":false,"showFog":true,"showSkybox":false,"showFlares":true,"showImageEffects":true,"showParticleSystems":true,"showVisualEffectGraphs":true,"m_FxEnabled":true},"in2DMode":false,"pivot":{"x":-0.0151444673538208,"y":0.39776599407196047,"z":-0.02367541193962097},"rotation":{"x":0.09638381004333496,"y":-0.03792126849293709,"z":0.0036151381209492685,"w":0.994651198387146},"size":0.9405199289321899,"orthographic":true}