{"cameraMode":{"drawMode":0,"name":"Shaded","section":"Shading Mode"},"sceneLighting":false,"audioPlay":false,"sceneViewState":{"m_AlwaysRefresh":false,"showFog":true,"showSkybox":false,"showFlares":true,"showImageEffects":true,"showParticleSystems":true,"showVisualEffectGraphs":true,"m_FxEnabled":true},"in2DMode":false,"pivot":{"x":0.032847046852111819,"y":-0.051861584186553958,"z":-0.03125479817390442},"rotation":{"x":0.01386442594230175,"y":0.7835502624511719,"z":-0.01733698882162571,"w":0.6210201978683472},"size":0.5667892098426819,"orthographic":false}