{"cameraMode":{"drawMode":0,"name":"Shaded","section":"Shading Mode"},"sceneLighting":false,"audioPlay":false,"sceneViewState":{"m_AlwaysRefresh":false,"showFog":true,"showSkybox":false,"showFlares":true,"showImageEffects":true,"showParticleSystems":true,"showVisualEffectGraphs":true,"m_FxEnabled":true},"in2DMode":false,"pivot":{"x":0.6479417085647583,"y":1.2878856658935547,"z":-0.2907334566116333},"rotation":{"x":-0.07334207743406296,"y":-0.2775037884712219,"z":-0.021530672907829286,"w":0.9577638506889343},"size":0.36142081022262576,"orthographic":true}